Query_ID,Query,Has_Image,Query_Length,Image_Path,Retrieval_Time_MS,Generation_Time_MS,Total_Time_MS,Top_Source_UIDs,Answer,Error
1,"Considering the findings, is there cardiomegaly?",False,short,,225.68,590.46,816.14,"3638,1965,3880","Answer: Cardiomegaly is explicitly stated in multiple reports. | Evidence summary: Multiple reports indicate the presence of cardiomegaly, though its severity varies. | Confidence: High",
2,Are the lungs clear?,True,short,/home/edogan/Downloads/ertugrul/myenv/medical-rag/images/images_normalized/3525_IM-1722-6001.dcm.png,157.98,345.9,503.88,"367,2186,3412",Answer: The lungs are described as clear in multiple reports. | Evidence summary: Multiple reports indicate clear lungs without any abnormalities. | Confidence: High,
3,Are the lungs clear?,False,short,,16.46,350.0,366.46,"367,2186,3412",Answer: The lungs are described as clear in multiple reports. | Evidence summary: Multiple reports indicate clear lungs without any abnormalities. | Confidence: High,
4,"Considering the findings, the lungs are clear?",True,short,/home/edogan/Downloads/ertugrul/myenv/medical-rag/images/images_normalized/650_IM-2228-4001.dcm.png,87.34,317.88,405.22,"2186,478,97",Answer: The lungs are clear according to several reports. | Evidence summary: Reports consistently state the lungs are clear. | Confidence: High,
5,"Based on the chest X-ray, is there cardiomegaly?",False,medium,,15.62,415.5,431.12,"3207,3159,216",Answer: Interval development of cardiomegaly is noted in the reports. | Evidence summary: Multiple reports indicate an interval enlargement of the cardiac silhouette. | Confidence: High,
6,"Considering both the image-derived findings and retrieved reports, summarize the radiographic impression and indicate if any acute disease is present.",True,long,/home/edogan/Downloads/ertugrul/myenv/medical-rag/images/images_normalized/146_IM-0298-1001-0001.dcm.png,90.92,380.78,471.7,"1608,1046,282",Answer: No acute disease is present according to the retrieved reports. | Evidence summary: All reports indicate no acute processes or abnormalities. | Confidence: High,
7,Is there acute disease?,False,short,,14.52,448.53,463.05,"3553,1975,3585",Answer: No evidence of acute cardiopulmonary disease in any of the sources. | Evidence summary: All impressions state no evidence of acute cardiopulmonary disease. | Confidence: High,
8,What is the diagnosis and how is it typically treated?,True,medium,/home/edogan/Downloads/ertugrul/myenv/medical-rag/images/images_normalized/3959_IM-2023-1001.dcm.png,64.11,571.58,635.69,"292,3604,595",Answer: Followup is recommended to document resolution of the vague area of airspace disease due to concerns for pneumonia. | Evidence summary: Reports indicate a vague area of airspace disease in the right midlung with concerns for pneumonia. | Confidence: medium,
9,Is there acute disease?,False,short,,9.05,434.85,443.9,"3553,1975,3585",Answer: No evidence of acute cardiopulmonary disease in any of the sources. | Evidence summary: All impressions state no evidence of acute cardiopulmonary disease. | Confidence: High,
10,"Based on the provided chest X-ray and retrieved radiology reports, what is the main abnormality observed and is there evidence of acute cardiopulmonary disease?",True,long,/home/edogan/Downloads/ertugrul/myenv/medical-rag/images/images_normalized/1586_IM-0380-1001.dcm.png,96.67,473.06,569.73,"65,282,776",Answer: No evidence of acute cardiopulmonary disease is observed in any of the reports. | Evidence summary: Multiple reports indicate no acute cardiopulmonary abnormality. | Confidence: High,
11,What abnormality is present and what are the recommended treatments?,False,medium,,16.06,353.84,369.89,"1036,2295,3508",Answer: No abnormality is present according to the reports. | Evidence summary: Reports indicate stable conditions without acute abnormalities. | Confidence: High,
12,Review the findings in the image and reports. Describe the main impression and whether there are acute abnormalities.,True,long,/home/edogan/Downloads/ertugrul/myenv/medical-rag/images/images_normalized/1404_IM-0258-1001.dcm.png,70.41,465.9,536.31,"2855,2120,3722",Answer: No acute cardiopulmonary abnormalities noted in any of the reports. | Evidence summary: Multiple reports indicate clear lungs and normal cardiac structures with no acute abnormalities. | Confidence: high,
13,Are there abnormal findings?,False,short,,12.55,422.97,435.52,"3134,1573,799","Answer: No abnormal findings are reported in any of the retrieved reports. | Evidence summary: All reports indicate clear lungs, normal heart, and no abnormalities. | Confidence: low",
14,"From the radiology report, is there cardiomegaly?",True,short,/home/edogan/Downloads/ertugrul/myenv/medical-rag/images/images_normalized/1279_IM-0185-1001.dcm.png,62.63,583.94,646.57,"1139,1375,3207","Answer: Cardiomegaly is mentioned in several reports, indicating it is present. | Evidence summary: Multiple reports describe cardiomegaly alongside other findings such as interstitial edema or central pulmonary vascular congestion. | Confidence: High",
15,Is pneumothorax present?,False,short,,15.06,856.66,871.72,"1021,3945,2318","Answer: Pneumothorax is present in Source 1 and Source 3, indicating recurrent right pneumothorax and a relatively large pneumothorax on the left side. | Evidence summary: Multiple reports indicate pneumothorax presence, though its location varies (right and left). | Confidence: Medium",
16,Analyze the chest X-ray and the associated reports. What are the key radiographic findings and do they indicate any acute pathology?,True,long,/home/edogan/Downloads/ertugrul/myenv/medical-rag/images/images_normalized/787_IM-2327-2001.dcm.png,81.0,452.01,533.02,"3627,2329,1608",Answer: No acute radiographic cardiopulmonary process is indicated by all reports. | Evidence summary: Reports consistently state no acute cardiopulmonary abnormalities. | Confidence: High,
17,Is pneumothorax present?,False,short,,15.06,789.17,804.23,"1021,3945,2318","Answer: Pneumothorax is present in Source 1 and Source 3, indicating recurrent right pneumothorax and a relatively large pneumothorax on the left side. | Evidence summary: Multiple reports indicate pneumothorax presence, though its location varies (right and left). | Confidence: Medium",
18,Is there cardiomegaly?,True,short,/home/edogan/Downloads/ertugrul/myenv/medical-rag/images/images_normalized/3944_IM-2014-1001.dcm.png,62.96,495.4,558.36,"2506,3638,3328","Answer: Cardiomegaly is present in multiple reports, though its extent varies. | Evidence summary: Multiple reports indicate the presence of cardiomegaly, varying in degree. | Confidence: High",
19,Is pleural effusion present?,False,short,,17.12,610.82,627.94,"145,1289,2348","Answer: A large right pleural effusion is present according to Source 1 and Source 2. | Evidence summary: Multiple reports indicate the presence of a pleural effusion, though the source (right vs bilateral) varies. | Confidence: Medium",
20,"Considering the findings, there is pneumothorax?",True,short,/home/edogan/Downloads/ertugrul/myenv/medical-rag/images/images_normalized/576_IM-2174-1001.dcm.png,75.72,862.6,938.32,"3945,1339,64","Answer: Pneumothorax is found in Source 1 as an increased size of left pneumothorax, with partial collapse of the left upper and lower lobes. | Evidence summary: Multiple reports describe findings consistent with pneumothorax, including partial collapse of lung lobes and measurements of pneumothorax sizes. | Confidence: High",
21,Is pneumothorax present?,False,short,,16.76,784.11,800.87,"1021,3945,2318","Answer: Pneumothorax is present in Source 1 and Source 3, indicating recurrent right pneumothorax and a relatively large pneumothorax on the left side. | Evidence summary: Multiple reports indicate pneumothorax presence, though its location varies (right and left). | Confidence: Medium",
22,Describe the findings and suggest possible treatment approaches.,True,medium,/home/edogan/Downloads/ertugrul/myenv/medical-rag/images/images_normalized/3682_IM-1834-1001.dcm.png,89.69,441.24,530.93,"1454,1366,1927","Answer: No specific treatment is recommended as no acute disease is found. | Evidence summary: All reports indicate clear lungs, normal heart size, and no significant abnormalities. | Confidence: High",
23,Is there cardiomegaly?,False,short,,11.35,491.22,502.57,"2506,3638,3328","Answer: Cardiomegaly is present in multiple reports, though its extent varies. | Evidence summary: Multiple reports indicate the presence of cardiomegaly, varying in degree. | Confidence: High",
24,"From the radiology report, is there cardiomegaly?",True,short,/home/edogan/Downloads/ertugrul/myenv/medical-rag/images/images_normalized/3955_IM-2021-1001.dcm.png,61.38,575.85,637.23,"1139,1375,3207","Answer: Cardiomegaly is mentioned in several reports, indicating it is present. | Evidence summary: Multiple reports describe cardiomegaly along with other findings such as interstitial edema or pulmonary congestion. | Confidence: High",
25,Is pneumothorax present?,False,short,,17.17,893.78,910.96,"1021,3945,2318","Answer: Pneumothorax is present in Source 1 and Source 3, indicating recurrent right pneumothorax and a relatively large pneumothorax on the left side. | Evidence summary: Multiple reports indicate pneumothorax presence, though its location varies (right and left). | Confidence: Medium",
26,"From the radiology report, there are acute abnormalities?",True,medium,/home/edogan/Downloads/ertugrul/myenv/medical-rag/images/images_normalized/2958_IM-1354-1001.dcm.png,61.59,371.96,433.55,"1422,26,1265",Answer: None of the reports indicate acute abnormalities. | Evidence summary: Reports show various findings but none specifically mention acute abnormalities. | Confidence: Low,
27,Are the lungs clear?,False,short,,14.99,363.52,378.52,"367,2186,3412",Answer: The lungs are described as clear in multiple reports. | Evidence summary: Multiple reports indicate clear lungs without any abnormalities. | Confidence: High,
28,Describe the findings and suggest possible treatment approaches.,True,medium,/home/edogan/Downloads/ertugrul/myenv/medical-rag/images/images_normalized/494_IM-2114-1001.dcm.png,67.73,678.34,746.08,"3483,106,1927","Answer: No active disease is found, but previous granulomatous processes are noted. Treatment/management/follow-up information is not available from the retrieved reports. | Evidence summary: Multiple reports indicate no active disease but mention previous granulomatous processes. | Confidence: Low",
29,What is the abnormality and what are the current treatment options?,False,medium,,15.86,506.59,522.46,"2628,2371,1043",Answer: Mildly low lung volumes with atelectasis or scarring in the lung bases. | Evidence summary: Reports indicate atelectasis or scarring in the lung bases. | Confidence: Medium,
30,Can you determine if the lungs are clear?,True,medium,/home/edogan/Downloads/ertugrul/myenv/medical-rag/images/images_normalized/3239_IM-1534-1001.dcm.png,70.67,359.26,429.94,"106,3134,1835",Answer: The lungs are described as clear in all retrieved reports. | Evidence summary: All reports indicate clear lungs without any abnormalities. | Confidence: high,
31,"Based on the provided chest X-ray and retrieved radiology reports, what is the main abnormality observed and is there evidence of acute cardiopulmonary disease?",False,long,,18.68,552.83,571.51,"282,674,3714","Answer: No acute cardiopulmonary abnormality is observed in any of the reports. | Evidence summary: Reports indicate normal heart size, mediastinal contours, and absence of significant lung abnormalities. | Confidence: High",
32,"Based on the chest X-ray, there are acute abnormalities?",True,medium,/home/edogan/Downloads/ertugrul/myenv/medical-rag/images/images_normalized/2324_IM-0895-1001.dcm.png,63.65,385.94,449.59,"2518,26,1718",Answer: No acute abnormalities are noted in any of the reports. | Evidence summary: All reports indicate no acute cardiopulmonary abnormalities. | Confidence: low,
33,Is pneumothorax present?,False,short,,15.44,785.24,800.68,"1021,3945,2318","Answer: Pneumothorax is present in Source 1 and Source 3, indicating recurrent right pneumothorax and a relatively large pneumothorax on the left side. | Evidence summary: Multiple reports indicate pneumothorax presence, though its location varies (right and left). | Confidence: Medium",
34,Analyze the chest X-ray and the associated reports. What are the key radiographic findings and do they indicate any acute pathology?,True,long,/home/edogan/Downloads/ertugrul/myenv/medical-rag/images/images_normalized/176_IM-0496-1001.dcm.png,69.2,891.76,960.96,"1608,3213,1927","Answer: No acute air space infiltrate, pleural effusion, or pneumothorax are seen; however, there are focal areas of increased opacity and a calcified granuloma noted. | Evidence summary: Multiple reports indicate no acute processes or signs of acute disease, but some mention focal areas of increased opacity and calcified granulomas. | Confidence: Medium",
35,"Considering the findings, is there cardiomegaly?",False,short,,14.82,459.45,474.27,"3638,1965,3880","Answer: Cardiomegaly is explicitly stated in multiple reports. | Evidence summary: Multiple reports indicate the presence of cardiomegaly, though its severity varies. | Confidence: High",
36,"From the radiology report, there is pneumothorax?",True,short,/home/edogan/Downloads/ertugrul/myenv/medical-rag/images/images_normalized/161_IM-0394-1001.dcm.png,82.14,584.43,666.57,"869,3945,2318","Answer: No pneumothorax is found in any of the reports. | Evidence summary: Reports indicate various pneumothorax sizes and presentations, but none confirm the presence of pneumothorax across all sources. | Confidence: Low",
37,Is there cardiomegaly?,False,short,,11.72,491.34,503.06,"2506,3638,3328","Answer: Cardiomegaly is present in multiple reports, though its extent varies. | Evidence summary: Multiple reports indicate the presence of cardiomegaly, varying in degree. | Confidence: High",
38,Is pneumothorax present?,True,short,/home/edogan/Downloads/ertugrul/myenv/medical-rag/images/images_normalized/544_IM-2148-1001.dcm.png,142.06,903.34,1045.4,"1021,3945,2362","Answer: Pneumothorax is present in Source 1 and Source 4, described as a complete collapse of the right lung and a relatively large pneumothorax and collapse of substantial portion of the left lung, respectively. | Evidence summary: Multiple reports describe pneumothorax, though its presence varies between the sources. | Confidence: Medium",
39,Review the findings in the image and reports. Describe the main impression and whether there are acute abnormalities.,False,long,,18.62,393.9,412.52,"282,1046,767",Answer: No acute abnormalities are noted in any of the reports. | Evidence summary: All reports indicate no acute cardiopulmonary abnormalities. | Confidence: high,
40,Is pleural effusion present?,True,short,/home/edogan/Downloads/ertugrul/myenv/medical-rag/images/images_normalized/1256_IM-0173-1001.dcm.png,64.81,537.44,602.24,"3284,145,1289","Answer: No evidence of pleural effusion is found in any of the reports. | Evidence summary: Reports indicate various types and sizes of pleural effusions, but do not consistently confirm their presence. | Confidence: Medium",
41,Is pneumothorax present?,False,short,,15.1,772.49,787.59,"1021,3945,2318","Answer: Pneumothorax is present in Source 1 and Source 3, indicating recurrent right pneumothorax and a relatively large pneumothorax on the left side. | Evidence summary: Multiple reports indicate pneumothorax presence, though its location varies (right and left). | Confidence: Medium",
42,"Based on the chest X-ray, is there cardiomegaly?",True,medium,/home/edogan/Downloads/ertugrul/myenv/medical-rag/images/images_normalized/1340_IM-0220-1001.dcm.png,67.56,466.99,534.55,"3207,3159,216",Answer: Interval development of cardiomegaly is noted in the reports. | Evidence summary: Multiple reports indicate an interval increase in the size of the cardiac silhouette. | Confidence: Medium,
43,Is there acute disease?,False,short,,10.02,434.84,444.86,"3553,1975,3585",Answer: No evidence of acute cardiopulmonary disease in any of the sources. | Evidence summary: All impressions state no evidence of acute cardiopulmonary disease. | Confidence: High,
44,Is there acute disease?,True,short,/home/edogan/Downloads/ertugrul/myenv/medical-rag/images/images_normalized/2746_IM-1198-1001.dcm.png,68.54,477.44,545.98,"3553,1229,1231",Answer: No evidence of acute cardiopulmonary disease is found in any of the reports. | Evidence summary: Reports consistently state the absence of acute cardiopulmonary disease. | Confidence: High,
45,Describe the findings and suggest possible treatment approaches.,False,medium,,17.86,478.4,496.27,"1927,2404,1246","Answer: Treatment information is not available from the retrieved reports. | Evidence summary: The reports describe findings but do not provide any treatment, management, or follow-up plans. | Confidence: low",
46,Can you determine if there are acute abnormalities?,True,medium,/home/edogan/Downloads/ertugrul/myenv/medical-rag/images/images_normalized/3281_IM-1562-1001.dcm.png,69.99,363.42,433.41,"2561,203,1835",Answer: None of the reports explicitly mention acute abnormalities. | Evidence summary: All reports indicate no acute cardiopulmonary abnormalities. | Confidence: low,
47,What is the diagnosis and how is it typically treated?,False,medium,,14.05,562.72,576.77,"3604,1894,2629",Answer: No acute disease or focal infiltrate found; treatment/management/follow-up is not available from the retrieved reports. | Evidence summary: Multiple reports indicate clear lungs with no active disease or significant abnormalities. | Confidence: low,
48,Is there cardiomegaly?,True,short,/home/edogan/Downloads/ertugrul/myenv/medical-rag/images/images_normalized/150_IM-0325-0001-0001.dcm.png,70.09,496.82,566.91,"2506,3638,3328","Answer: Cardiomegaly is present in multiple reports, though its extent varies. | Evidence summary: Multiple reports indicate the presence of cardiomegaly, varying in degree. | Confidence: High",
49,"Based on the provided chest X-ray and retrieved radiology reports, what is the main abnormality observed and is there evidence of acute cardiopulmonary disease?",False,long,,16.22,612.16,628.38,"282,674,3714","Answer: No acute cardiopulmonary abnormality is observed in any of the reports. | Evidence summary: Reports indicate normal heart size, mediastinal contours, and absence of significant lung abnormalities. | Confidence: High",
50,"Based on the provided chest X-ray and retrieved radiology reports, what is the main abnormality observed and is there evidence of acute cardiopulmonary disease?",True,long,/home/edogan/Downloads/ertugrul/myenv/medical-rag/images/images_normalized/3066_IM-1430-1001.dcm.png,68.74,553.05,621.79,"1354,282,2916",Answer: No acute cardiopulmonary disease is observed in any of the reports. | Evidence summary: Multiple reports indicate no acute cardiopulmonary disease. | Confidence: High,
51,Analyze the chest X-ray and the associated reports. What are the key radiographic findings and do they indicate any acute pathology?,False,long,,18.74,696.67,715.41,"1608,1927,1718","Answer: No acute process is indicated, but focal areas of increased opacity are noted in some reports, suggesting potential chronic conditions rather than acute pathology. | Evidence summary: Reports suggest stable conditions without acute processes but mention focal areas of increased opacity which could indicate chronic issues. | Confidence: Medium",
52,Analyze the chest X-ray and the associated reports. What are the key radiographic findings and do they indicate any acute pathology?,True,long,/home/edogan/Downloads/ertugrul/myenv/medical-rag/images/images_normalized/1148_IM-0100-1001.dcm.png,68.3,390.87,459.18,"3203,1608,1927",Answer: No acute findings are noted in any of the reports. | Evidence summary: Reports consistently state no acute findings or processes. | Confidence: High,
53,Can you determine if there is pleural effusion?,False,medium,,15.72,421.66,437.38,"1728,2235,2348",Answer: No pleural effusion is found in any of the reports. | Evidence summary: Reports consistently state the absence of pleural effusions. | Confidence: Medium,
54,Is there cardiomegaly?,True,short,/home/edogan/Downloads/ertugrul/myenv/medical-rag/images/images_normalized/3863_IM-1957-1001.dcm.png,81.37,532.03,613.39,"2506,3638,327","Answer: Cardiomegaly is present in several reports, though its extent varies. | Evidence summary: Multiple reports indicate the presence of cardiomegaly, though the degree of enlargement differs. | Confidence: Medium",
55,Are there abnormal findings?,False,short,,11.92,434.9,446.82,"3134,1573,799","Answer: No abnormal findings are reported in any of the retrieved reports. | Evidence summary: All reports indicate clear lungs, normal heart, and no abnormalities. | Confidence: low",
56,Review the findings in the image and reports. Describe the main impression and whether there are acute abnormalities.,True,long,/home/edogan/Downloads/ertugrul/myenv/medical-rag/images/images_normalized/3576_IM-1757-1001.dcm.png,69.79,414.91,484.7,"3577,2321,2189",Answer: No acute abnormalities are noted in any of the reports. | Evidence summary: All reports indicate the absence of acute cardiopulmonary abnormalities. | Confidence: High,
57,"Considering the findings, is there cardiomegaly?",False,short,,14.19,452.96,467.15,"3638,1965,3880","Answer: Cardiomegaly is explicitly stated in multiple reports. | Evidence summary: Multiple reports indicate the presence of cardiomegaly, though its severity varies. | Confidence: High",
58,Is pneumothorax present?,True,short,/home/edogan/Downloads/ertugrul/myenv/medical-rag/images/images_normalized/3798_IM-1911-1001.dcm.png,120.25,698.56,818.81,"1021,3945,2318","Answer: Pneumothorax is present in Source 1 and Source 3, indicating a collapsed right lung with a right-to-left mediastinal shift. | Evidence summary: Multiple reports indicate the presence of pneumothorax, specifically in the right lung. | Confidence: High",
59,Are there abnormal findings?,False,short,,12.39,419.73,432.12,"3134,1573,799","Answer: No abnormal findings are reported in any of the retrieved reports. | Evidence summary: All reports indicate clear lungs, normal heart, and no abnormalities. | Confidence: low",
60,"From the radiology report, there is pleural effusion?",True,medium,/home/edogan/Downloads/ertugrul/myenv/medical-rag/images/images_normalized/2958_IM-1354-1001.dcm.png,81.08,612.02,693.1,"3056,2348,1422","Answer: Pleural effusion is present, specifically a moderate layering right pleural effusion with an air fluid level. | Evidence summary: Multiple reports mention pleural effusions, though their sizes and specific characteristics vary. | Confidence: Medium",
61,"Based on the provided chest X-ray and retrieved radiology reports, what is the main abnormality observed and is there evidence of acute cardiopulmonary disease?",False,long,,16.16,551.54,567.7,"282,674,3714","Answer: No acute cardiopulmonary abnormality is observed in any of the reports. | Evidence summary: Reports indicate normal heart size, mediastinal contours, and absence of significant lung abnormalities. | Confidence: High",
62,Are there abnormal findings?,True,short,/home/edogan/Downloads/ertugrul/myenv/medical-rag/images/images_normalized/2300_IM-0881-1001.dcm.png,80.85,415.73,496.58,"3938,3033,3134",Answer: No abnormal findings were reported in any of the provided reports. | Evidence summary: All reports indicate normal chest X-rays with no abnormalities noted. | Confidence: high,
63,Are the lungs clear?,False,short,,15.0,356.57,371.57,"367,2186,3412",Answer: The lungs are described as clear in multiple reports. | Evidence summary: Multiple reports indicate clear lungs without any abnormalities. | Confidence: High,
64,Are there abnormal findings?,True,short,/home/edogan/Downloads/ertugrul/myenv/medical-rag/images/images_normalized/1268_IM-0180-2001.dcm.png,71.63,439.04,510.67,"3134,1573,1806","Answer: No abnormal findings are reported in any of the retrieved reports. | Evidence summary: All reports indicate clear lungs, normal heart structures, and no abnormalities. | Confidence: low",
65,Is there cardiomegaly?,False,short,,11.84,495.88,507.72,"2506,3638,3328","Answer: Cardiomegaly is present in multiple reports, though its extent varies. | Evidence summary: Multiple reports indicate the presence of cardiomegaly, varying in degree. | Confidence: High",
66,Review the findings in the image and reports. Describe the main impression and whether there are acute abnormalities.,True,long,/home/edogan/Downloads/ertugrul/myenv/medical-rag/images/images_normalized/2478_IM-1007-1001.dcm.png,64.98,423.95,488.93,"2000,106,2212",Answer: No acute abnormalities are noted in any of the reports. | Evidence summary: All reports indicate no acute cardiopulmonary disease or abnormalities. | Confidence: high,
67,Is pneumothorax present?,False,short,,16.9,772.63,789.53,"1021,3945,2318","Answer: Pneumothorax is present in Source 1 and Source 3, indicating recurrent right pneumothorax and a relatively large pneumothorax on the left side. | Evidence summary: Multiple reports indicate pneumothorax presence, though its location varies (right and left). | Confidence: Medium",
68,"Considering the findings, is there cardiomegaly?",True,short,/home/edogan/Downloads/ertugrul/myenv/medical-rag/images/images_normalized/3238_IM-1534-1001.dcm.png,91.94,462.1,554.05,"3638,1965,3880","Answer: Cardiomegaly is explicitly stated in multiple reports. | Evidence summary: Multiple reports indicate the presence of cardiomegaly, though its severity varies. | Confidence: High",
69,"Based on the chest X-ray, the lungs are clear?",False,medium,,8.77,402.1,410.87,"2186,26",Answer: The lungs appear clear according to both reports. | Evidence summary: Both reports indicate the lungs are clear without any acute cardiopulmonary disease. | Confidence: high,
70,Is pneumothorax present?,True,short,/home/edogan/Downloads/ertugrul/myenv/medical-rag/images/images_normalized/1591_IM-0384-13013.dcm.png,74.36,652.4,726.75,"1021,3945,2318","Answer: Pneumothorax is present in Source 1, but not in the other sources. | Evidence summary: Multiple reports indicate the presence of pneumothorax in one lung, specifically the right lung in Source 1. | Confidence: Medium",
71,Is there acute disease?,False,short,,8.62,439.88,448.49,"3553,1975,3585",Answer: No evidence of acute cardiopulmonary disease in any of the sources. | Evidence summary: All impressions state no evidence of acute cardiopulmonary disease. | Confidence: High,
72,"Considering both the image-derived findings and retrieved reports, summarize the radiographic impression and indicate if any acute disease is present.",True,long,/home/edogan/Downloads/ertugrul/myenv/medical-rag/images/images_normalized/32_IM-1511-1001.dcm.png,62.59,423.07,485.67,"3628,1608,1046",Answer: No acute disease is present according to the retrieved reports. | Evidence summary: All reports indicate no evidence of acute cardiopulmonary process. | Confidence: High,
73,"Considering the findings, the lungs are clear?",False,short,,10.65,428.69,439.34,"2186,478,97",Answer: The lungs appear clear according to multiple reports. | Evidence summary: Multiple reports indicate the lungs are clear with no acute cardiopulmonary disease present. | Confidence: high,
74,Can you determine if there is pneumothorax?,True,short,/home/edogan/Downloads/ertugrul/myenv/medical-rag/images/images_normalized/863_IM-2383-1001.dcm.png,67.65,412.95,480.6,"2056,1063,1108",Answer: No pneumothorax was found in any of the reports. | Evidence summary: Reports consistently state the absence of pneumothorax. | Confidence: High,
75,Are the lungs clear?,False,short,,17.01,348.58,365.59,"367,2186,3412",Answer: The lungs are described as clear in multiple reports. | Evidence summary: Multiple reports indicate clear lungs without any abnormalities. | Confidence: High,
76,"Based on the chest X-ray, there is pleural effusion?",True,medium,/home/edogan/Downloads/ertugrul/myenv/medical-rag/images/images_normalized/3771_IM-1890-1001.dcm.png,85.58,578.14,663.71,"3056,1957,2348","Answer: There is a moderate layering right pleural effusion noted in Source 1. | Evidence summary: Multiple reports describe pleural effusions, including moderate layering effusion in Source 1. | Confidence: High",
77,Is there cardiomegaly?,False,short,,11.9,563.37,575.27,"2506,3638,3328","Answer: Cardiomegaly is present in multiple reports, though its extent varies. | Evidence summary: Multiple reports indicate the presence of cardiomegaly, varying in degree. | Confidence: High",
78,"Based on the provided chest X-ray and retrieved radiology reports, what is the main abnormality observed and is there evidence of acute cardiopulmonary disease?",True,long,/home/edogan/Downloads/ertugrul/myenv/medical-rag/images/images_normalized/2324_IM-0895-1001.dcm.png,147.33,459.14,606.47,"282,2518,3737",Answer: No acute cardiopulmonary abnormalities are observed in any of the reports. | Evidence summary: All reports indicate no acute cardiopulmonary disease or abnormalities. | Confidence: High,
79,Can you determine if there are acute abnormalities?,False,medium,,13.4,445.65,459.05,"1835,3134,2235",Answer: No acute cardiopulmonary abnormalities are noted in any of the reports. | Evidence summary: All reports indicate no acute cardiopulmonary abnormalities. | Confidence: high,
80,"Based on the provided chest X-ray and retrieved radiology reports, what is the main abnormality observed and is there evidence of acute cardiopulmonary disease?",True,long,/home/edogan/Downloads/ertugrul/myenv/medical-rag/images/images_normalized/1935_IM-0605-0001-0001.dcm.png,78.03,432.02,510.05,"3099,2080,3416",Answer: No evidence of acute cardiopulmonary disease is observed. | Evidence summary: All reports indicate negative findings for acute cardiopulmonary abnormalities. | Confidence: high,
81,Review the findings in the image and reports. Describe the main impression and whether there are acute abnormalities.,False,long,,15.28,396.95,412.23,"282,1046,767",Answer: No acute abnormalities are noted in any of the reports. | Evidence summary: All reports indicate no acute cardiopulmonary abnormalities. | Confidence: high,
82,Is pneumothorax present?,True,short,/home/edogan/Downloads/ertugrul/myenv/medical-rag/images/images_normalized/1591_IM-0384-13013.dcm.png,92.58,628.01,720.59,"1021,3945,2318","Answer: Pneumothorax is present in Source 1, but not in the other sources. | Evidence summary: Multiple reports indicate the presence of pneumothorax in one lung, specifically the right lung in Source 1. | Confidence: Medium",
83,Can you determine if the lungs are clear?,False,medium,,11.9,371.28,383.17,"3134,1835,1271",Answer: The lungs are described as clear in all retrieved reports. | Evidence summary: All reports indicate clear lungs without any abnormalities. | Confidence: high,
84,Are the lungs clear?,True,short,/home/edogan/Downloads/ertugrul/myenv/medical-rag/images/images_normalized/857_IM-2378-1001.dcm.png,72.89,354.33,427.22,"367,2186,3412",Answer: The lungs are described as clear in multiple reports. | Evidence summary: Multiple reports indicate clear lungs without any abnormalities. | Confidence: High,
85,Is pneumothorax present?,False,short,,15.26,782.94,798.19,"1021,3945,2318","Answer: Pneumothorax is present in Source 1 and Source 3, indicating recurrent right pneumothorax and a relatively large pneumothorax on the left side. | Evidence summary: Multiple reports indicate pneumothorax presence, though its location varies (right and left). | Confidence: Medium",
86,What abnormality is present and what are the recommended treatments?,True,medium,/home/edogan/Downloads/ertugrul/myenv/medical-rag/images/images_normalized/1243_IM-0165-4004.dcm.png,84.84,563.46,648.29,"1036,2125,1413","Answer: Minimal basilar infiltrate left base. | Evidence summary: Multiple reports indicate no acute cardiopulmonary abnormalities, but one report mentions a tortuous dilated aorta and minimal basilar infiltrate. | Confidence: low",
87,Analyze the chest X-ray and the associated reports. What are the key radiographic findings and do they indicate any acute pathology?,False,long,,18.57,718.01,736.58,"1608,1927,1718","Answer: No acute process is indicated, but focal areas of increased opacity are noted in some reports, suggesting potential chronic conditions rather than acute pathology. | Evidence summary: Reports suggest stable conditions without acute processes but mention focal areas of increased opacity which could indicate chronic issues. | Confidence: Medium",
88,Is pleural effusion present?,True,short,/home/edogan/Downloads/ertugrul/myenv/medical-rag/images/images_normalized/1919_IM-0598-1001.dcm.png,72.43,413.91,486.33,"1093,3723,145",Answer: No pleural effusion is present according to the reports. | Evidence summary: Multiple reports indicate the absence of pleural effusions. | Confidence: Medium,
89,"From the radiology report, the lungs are clear?",False,medium,,9.06,375.94,385.0,"2528,26",Answer: The lungs are clear according to both reports. | Evidence summary: Both reports indicate the lungs are clear with no significant changes noted. | Confidence: high,
90,"From the radiology report, there is pleural effusion?",True,medium,/home/edogan/Downloads/ertugrul/myenv/medical-rag/images/images_normalized/576_IM-2174-1001.dcm.png,73.9,620.96,694.86,"3056,2348,401","Answer: Pleural effusion is noted in the report as a moderate layering right pleural effusion with an air fluid level. | Evidence summary: Multiple reports mention pleural effusions, though their size and nature vary. | Confidence: Medium",
91,Is there cardiomegaly?,False,short,,13.72,494.15,507.88,"2506,3638,3328","Answer: Cardiomegaly is present in multiple reports, though its extent varies. | Evidence summary: Multiple reports indicate the presence of cardiomegaly, varying in degree. | Confidence: High",
92,"Based on the chest X-ray, the lungs are clear?",True,medium,/home/edogan/Downloads/ertugrul/myenv/medical-rag/images/images_normalized/540_IM-2146-4004.dcm.png,69.05,376.16,445.21,"2186,2466,2517",Answer: The lungs appear clear according to multiple reports. | Evidence summary: Multiple reports indicate the lungs are clear with no abnormalities noted. | Confidence: High,
93,Is pneumothorax present?,False,short,,21.28,775.1,796.38,"1021,3945,2318","Answer: Pneumothorax is present in Source 1 and Source 3, indicating recurrent right pneumothorax and a relatively large pneumothorax on the left side. | Evidence summary: Multiple reports indicate pneumothorax presence, though its location varies (right and left). | Confidence: Medium",
94,"Based on the chest X-ray, there is pneumothorax?",True,medium,/home/edogan/Downloads/ertugrul/myenv/medical-rag/images/images_normalized/2142_IM-0764-1001.dcm.png,79.14,421.27,500.4,"3751,1489,1718",Answer: No pneumothorax is seen in any of the reports. | Evidence summary: Multiple reports indicate the absence of pneumothorax. | Confidence: Low,
95,What is the diagnosis and how is it typically treated?,False,medium,,20.07,562.7,582.77,"3604,1894,2629",Answer: No acute disease or focal infiltrate found; treatment/management/follow-up is not available from the retrieved reports. | Evidence summary: Multiple reports indicate clear lungs with no active disease or significant abnormalities. | Confidence: low,
96,"Based on the chest X-ray, there are acute abnormalities?",True,medium,/home/edogan/Downloads/ertugrul/myenv/medical-rag/images/images_normalized/567_IM-2167-1001.dcm.png,60.73,459.58,520.3,"658,2774,26",Answer: None of the reports indicate acute abnormalities in the chest X-ray. | Evidence summary: Reports consistently state the absence of acute cardiopulmonary disease or abnormalities. | Confidence: Low,
97,"From the radiology report, there are acute abnormalities?",False,medium,,9.77,359.55,369.32,"26,2091,1718","Answer: None of the reports indicate acute abnormalities. | Evidence summary: All reports state ""No acute process"" or similar. | Confidence: low",
98,Analyze the chest X-ray and the associated reports. What are the key radiographic findings and do they indicate any acute pathology?,True,long,/home/edogan/Downloads/ertugrul/myenv/medical-rag/images/images_normalized/2034_IM-0679-2001.dcm.png,79.32,726.04,805.36,"1608,1927,2445","Answer: No acute air space infiltrates, pleural effusions, or pneumothoraces are seen; however, there are non-specific findings suggestive of mild interstitial opacities. | Evidence summary: Multiple reports indicate no acute processes or abnormalities on the chest X-rays. | Confidence: High",
99,What is the diagnosis and how is it typically treated?,False,medium,,13.85,588.97,602.81,"3604,1894,2629",Answer: No acute disease or focal infiltrate found; treatment/management/follow-up is not available from the retrieved reports. | Evidence summary: Multiple reports indicate clear lungs with no active disease or significant abnormalities. | Confidence: low,
100,"Considering the findings, there is pleural effusion?",True,short,/home/edogan/Downloads/ertugrul/myenv/medical-rag/images/images_normalized/1954_IM-0622-1001.dcm.png,80.01,588.28,668.28,"2348,3056,1178","Answer: There is a moderate sized right pleural effusion as per Source 1 and Source 2. | Evidence summary: Multiple reports mention pleural effusions, though their sizes and causes vary. | Confidence: Medium",
