Query_ID,Query,Has_Image,Query_Length,Image_Path,Retrieval_Time_MS,Generation_Time_MS,Total_Time_MS,Top_Source_UIDs,Answer
1,"Considering the findings, is there cardiomegaly?",False,short,,8.7,684.67,790.74,"3638,1965,3880","Answer: Cardiomegaly is confirmed in all reports. | Evidence summary: Multiple reports explicitly state ""Cardiomegaly"" as an impression or finding. | Confidence: high"
2,Are the lungs clear?,True,short,/home/edogan/Downloads/ertugrul/myenv/medical-rag/images/images_normalized/650_IM-2228-4001.dcm.png,121.33,374.71,499.73,"367,2186,3412",Answer: The lungs are described as clear in multiple reports. | Evidence summary: Multiple reports indicate clear lungs without any abnormalities. | Confidence: high
3,Are the lungs clear?,False,short,,1.34,372.47,377.28,"367,2186,3412",Answer: The lungs are described as clear in multiple reports. | Evidence summary: Multiple reports indicate clear lungs without any abnormalities. | Confidence: high
4,"Considering the findings, the lungs are clear?",True,short,/home/edogan/Downloads/ertugrul/myenv/medical-rag/images/images_normalized/3959_IM-2023-1001.dcm.png,45.12,392.42,441.04,"2186,3389,478",Answer: The lungs are clear based on the reports. | Evidence summary: Multiple reports indicate the lungs are clear without any conflicting findings. | Confidence: high
5,"Based on the chest X-ray, is there cardiomegaly?",False,medium,,1.16,505.67,510.33,"3207,3159,216","Answer: Interval development of cardiomegaly is noted in Source 1. | Evidence summary: Source 1 explicitly states ""Interval development of cardiomegaly"" in its impression. | Confidence: high"
6,"Considering both the image-derived findings and retrieved reports, summarize the radiographic impression and indicate if any acute disease is present.",True,long,/home/edogan/Downloads/ertugrul/myenv/medical-rag/images/images_normalized/1404_IM-0258-1001.dcm.png,57.02,407.85,468.37,"2855,1608,1046",Answer: No acute cardiopulmonary abnormality. | Evidence summary: All reports consistently state no acute cardiopulmonary abnormality. | Confidence: high
7,Is there acute disease?,False,short,,1.31,444.97,449.92,"3553,1975,3585",Answer: No evidence of acute cardiopulmonary disease found in any report. | Evidence summary: All reports consistently state no evidence of acute cardiopulmonary disease. | Confidence: high
8,What is the diagnosis and how is it typically treated?,True,medium,/home/edogan/Downloads/ertugrul/myenv/medical-rag/images/images_normalized/787_IM-2327-2001.dcm.png,80.09,631.64,715.43,"3604,1894,1328","Answer: No focal consolidations, no active infections, normal heart size, and no pleural effusions or pneumothorax. | Evidence summary: Multiple reports indicate clear lungs with no signs of pneumonia, tuberculosis, or other acute diseases. | Confidence: high"
9,Is there acute disease?,False,short,,1.72,474.54,481.61,"3553,1975,3585",Answer: No evidence of acute cardiopulmonary disease found in any report. | Evidence summary: All reports consistently state no evidence of acute cardiopulmonary disease. | Confidence: high
10,"Based on the provided chest X-ray and retrieved radiology reports, what is the main abnormality observed and is there evidence of acute cardiopulmonary disease?",True,long,/home/edogan/Downloads/ertugrul/myenv/medical-rag/images/images_normalized/576_IM-2174-1001.dcm.png,83.5,668.22,755.46,"2745,282,2095","Answer: No acute cardiopulmonary process, no acute cardiopulmonary abnormality, and no acute cardiopulmonary findings are observed based on the reports. | Evidence summary: All reports indicate no acute cardiopulmonary abnormalities. | Confidence: high"
11,What abnormality is present and what are the recommended treatments?,False,medium,,1.29,418.3,423.28,"1036,2295,3508",Answer: No acute cardiopulmonary abnormalities are present. | Evidence summary: Reports from multiple sources indicate normal findings with no acute abnormalities noted. | Confidence: high
12,Review the findings in the image and reports. Describe the main impression and whether there are acute abnormalities.,True,long,/home/edogan/Downloads/ertugrul/myenv/medical-rag/images/images_normalized/3955_IM-2021-1001.dcm.png,145.64,504.02,653.52,"1574,282,2910",Answer: No acute cardiopulmonary abnormality is noted in any of the reports. | Evidence summary: All reports consistently state the absence of acute cardiopulmonary abnormalities. | Confidence: high
13,Are there abnormal findings?,False,short,,1.43,468.22,473.11,"3134,1573,799","Answer: No abnormal findings are noted in any of the reports. | Evidence summary: All reports indicate clear lungs, normal heart structures, and no signs of disease or abnormalities. | Confidence: high"
14,"From the radiology report, is there cardiomegaly?",True,short,/home/edogan/Downloads/ertugrul/myenv/medical-rag/images/images_normalized/494_IM-2114-1001.dcm.png,43.02,581.44,627.94,"1139,1375,3207","Answer: Cardiomegaly is mentioned in multiple reports. | Evidence summary: Reports from sources 1, 2, 4, and 5 explicitly mention cardiomegaly. | Confidence: High"
15,Is pneumothorax present?,False,short,,1.62,735.22,743.45,"1021,3945,2318","Answer: Pneumothorax is present in Source 1 and Source 5, but not in the other sources. | Evidence summary: Multiple reports indicate the presence of pneumothorax, particularly in Source 1 and Source 5. | Confidence: Medium"
16,Analyze the chest X-ray and the associated reports. What are the key radiographic findings and do they indicate any acute pathology?,True,long,/home/edogan/Downloads/ertugrul/myenv/medical-rag/images/images_normalized/2324_IM-0895-1001.dcm.png,74.35,737.41,815.38,"1608,1927,1718","Answer: No acute air space infiltrate, pleural effusion, or pneumothorax are seen. No pulmonary nodules are identified. | Evidence summary: Multiple reports suggest no acute processes or pulmonary nodules, though some mention the need for further evaluation with CT. | Confidence: medium"
17,Is pneumothorax present?,False,short,,1.54,672.01,679.41,"1021,3945,2318","Answer: Pneumothorax is present in Source 1 and Source 5, but not in the other sources. | Evidence summary: Multiple reports indicate the presence of pneumothorax, particularly in Source 1 and Source 5. | Confidence: Medium"
18,Is there cardiomegaly?,True,short,/home/edogan/Downloads/ertugrul/myenv/medical-rag/images/images_normalized/161_IM-0394-1001.dcm.png,42.19,468.28,513.92,"2506,3638,3328","Answer: Cardiomegaly is present in all reports, though its degree varies. | Evidence summary: Multiple reports consistently indicate the presence of cardiomegaly. | Confidence: High"
19,Is pleural effusion present?,False,short,,1.11,564.63,569.2,"145,1289,2348","Answer: Pleural effusion is present based on the reports. | Evidence summary: Multiple reports indicate the presence of pleural effusions, either large or moderate, bilaterally or unilaterally. | Confidence: High"
20,"Considering the findings, there is pneumothorax?",True,short,/home/edogan/Downloads/ertugrul/myenv/medical-rag/images/images_normalized/1256_IM-0173-1001.dcm.png,62.12,638.62,704.43,"3945,3284,3494","Answer: No, considering the findings, there is no evidence of pneumothorax. | Evidence summary: Multiple reports indicate the presence of a small right-sided pneumothorax, but none mention a left-sided pneumothorax. | Confidence: Low"
21,Is pneumothorax present?,False,short,,1.07,733.64,738.52,"1021,3945,2318","Answer: Pneumothorax is present in Source 1 and Source 5, but not in the other sources. | Evidence summary: Multiple reports indicate the presence of pneumothorax, particularly in Source 1 and Source 5. | Confidence: Medium"
22,Describe the findings and suggest possible treatment approaches.,True,medium,/home/edogan/Downloads/ertugrul/myenv/medical-rag/images/images_normalized/2746_IM-1198-1001.dcm.png,42.67,594.2,640.37,"1927,2404,1246","Answer: No significant findings other than prior granulomatous disease are noted. | Evidence summary: Reports indicate stable cardiac and mediastinal contours, clear lungs, and presence of calcifications suggesting a past infection. | Confidence: Medium"
23,Is there cardiomegaly?,False,short,,1.04,525.02,529.55,"2506,3638,3328","Answer: Cardiomegaly is present in all reports, though its degree varies. | Evidence summary: Multiple reports consistently indicate the presence of cardiomegaly. | Confidence: High"
24,"From the radiology report, is there cardiomegaly?",True,short,/home/edogan/Downloads/ertugrul/myenv/medical-rag/images/images_normalized/150_IM-0325-0001-0001.dcm.png,51.21,535.52,590.24,"1139,1375,3207","Answer: Cardiomegaly is mentioned in multiple reports. | Evidence summary: Reports from sources 1, 2, 4, and 5 explicitly mention cardiomegaly. | Confidence: High"
25,Is pneumothorax present?,False,short,,1.29,657.1,662.07,"1021,3945,2318","Answer: Pneumothorax is present in Source 1 and Source 5, but not in the other sources. | Evidence summary: Multiple reports indicate the presence of pneumothorax, particularly in Source 1 and Source 5. | Confidence: Medium"
26,"From the radiology report, there are acute abnormalities?",True,medium,/home/edogan/Downloads/ertugrul/myenv/medical-rag/images/images_normalized/1148_IM-0100-1001.dcm.png,53.75,500.6,558.0,"3203,26,2091","Answer: No acute abnormalities were found in any of the reports. | Evidence summary: All reports state either ""No acute findings"" or ""No acute process,"" indicating no acute abnormalities. | Confidence: high"
27,Are the lungs clear?,False,short,,1.36,381.73,386.8,"367,2186,3412",Answer: The lungs are described as clear in multiple reports. | Evidence summary: Multiple reports indicate clear lungs without any abnormalities. | Confidence: high
28,Describe the findings and suggest possible treatment approaches.,True,medium,/home/edogan/Downloads/ertugrul/myenv/medical-rag/images/images_normalized/3576_IM-1757-1001.dcm.png,139.09,476.9,619.64,"2321,1927,1622","Answer: No significant acute disease or abnormalities found. | Evidence summary: Multiple reports indicate normal cardiac and mediastinal structures, clear lungs, and absence of acute processes. | Confidence: high"
29,What is the abnormality and what are the current treatment options?,False,medium,,1.56,534.14,539.2,"2628,2371,1043",Answer: Mildly low lung volumes with atelectasis or scarring in the lung bases. | Evidence summary: Reports from multiple sources indicate atelectasis or scarring in the lung bases. | Confidence: medium
30,Can you determine if the lungs are clear?,True,medium,/home/edogan/Downloads/ertugrul/myenv/medical-rag/images/images_normalized/2958_IM-1354-1001.dcm.png,53.21,403.07,459.89,"3134,1835,1271","Answer: Yes, the lungs are clear based on the reports. | Evidence summary: All reports indicate the lungs are clear without any abnormalities. | Confidence: high"
31,"Based on the provided chest X-ray and retrieved radiology reports, what is the main abnormality observed and is there evidence of acute cardiopulmonary disease?",False,long,,1.39,486.6,491.84,"282,674,3714",Answer: No acute cardiopulmonary abnormality is observed in any of the reports. | Evidence summary: Reports consistently state no acute cardiopulmonary abnormality. | Confidence: high
32,"Based on the chest X-ray, there are acute abnormalities?",True,medium,/home/edogan/Downloads/ertugrul/myenv/medical-rag/images/images_normalized/1268_IM-0180-2001.dcm.png,51.58,385.09,440.41,"26,1718,2091",Answer: No acute abnormalities are noted in any of the reports. | Evidence summary: Multiple reports indicate no acute processes or abnormalities. | Confidence: low
33,Is pneumothorax present?,False,short,,1.69,670.59,675.91,"1021,3945,2318","Answer: Pneumothorax is present in Source 1 and Source 5, but not in the other sources. | Evidence summary: Multiple reports indicate the presence of pneumothorax, particularly in Source 1 and Source 5. | Confidence: Medium"
34,Analyze the chest X-ray and the associated reports. What are the key radiographic findings and do they indicate any acute pathology?,True,long,/home/edogan/Downloads/ertugrul/myenv/medical-rag/images/images_normalized/3238_IM-1534-1001.dcm.png,64.68,553.1,623.02,"46,3099,1608",Answer: No acute cardiopulmonary abnormality is identified in any of the reports. | Evidence summary: Reports consistently state the absence of acute cardiopulmonary abnormalities. | Confidence: high
35,"Considering the findings, is there cardiomegaly?",False,short,,1.1,468.15,472.74,"3638,1965,3880","Answer: Cardiomegaly is confirmed in all reports. | Evidence summary: Multiple reports explicitly state ""Cardiomegaly"" as an impression or finding. | Confidence: high"
36,"From the radiology report, there is pneumothorax?",True,short,/home/edogan/Downloads/ertugrul/myenv/medical-rag/images/images_normalized/32_IM-1511-1001.dcm.png,42.81,676.52,722.85,"1489,3945,2318","Answer: No pneumothorax is found in any of the reports. | Evidence summary: Multiple reports indicate the absence of pneumothorax, including specific mentions of ""no pneumothorax"" and ""no significant pneumothorax."" | Confidence: high"
37,Is there cardiomegaly?,False,short,,1.45,463.71,468.68,"2506,3638,3328","Answer: Cardiomegaly is present in all reports, though its degree varies. | Evidence summary: Multiple reports consistently indicate the presence of cardiomegaly. | Confidence: High"
38,Is pneumothorax present?,True,short,/home/edogan/Downloads/ertugrul/myenv/medical-rag/images/images_normalized/3771_IM-1890-1001.dcm.png,49.09,805.23,857.79,"1021,3945,20","Answer: Pneumothorax is present in Source 1 and Source 4. | Evidence summary: Both sources describe a pneumothorax, one being a recurrent right pneumothorax and the other a relatively large pneumothorax on the left side. | Confidence: medium"
39,Review the findings in the image and reports. Describe the main impression and whether there are acute abnormalities.,False,long,,1.94,405.44,411.0,"282,1046,767",Answer: No acute cardiopulmonary abnormalities are found in any of the reports. | Evidence summary: All reports consistently state no acute abnormalities. | Confidence: high
40,Is pleural effusion present?,True,short,/home/edogan/Downloads/ertugrul/myenv/medical-rag/images/images_normalized/1935_IM-0605-0001-0001.dcm.png,56.79,565.29,625.88,"145,1289,2348","Answer: Pleural effusion is present based on the reports. | Evidence summary: Multiple reports indicate the presence of pleural effusions, either large or moderate, bilaterally or unilaterally. | Confidence: High"
41,Is pneumothorax present?,False,short,,1.42,659.56,664.51,"1021,3945,2318","Answer: Pneumothorax is present in Source 1 and Source 5, but not in the other sources. | Evidence summary: Multiple reports indicate the presence of pneumothorax, particularly in Source 1 and Source 5. | Confidence: Medium"
42,"Based on the chest X-ray, is there cardiomegaly?",True,medium,/home/edogan/Downloads/ertugrul/myenv/medical-rag/images/images_normalized/857_IM-2378-1001.dcm.png,134.19,492.52,630.59,"3207,3159,216",Answer: Cardiomegaly is indicated based on the reports. | Evidence summary: Multiple reports mention interval development of cardiomegaly or enlargement of the cardiac silhouette. | Confidence: High
43,Is there acute disease?,False,short,,1.19,445.25,449.97,"3553,1975,3585",Answer: No evidence of acute cardiopulmonary disease found in any report. | Evidence summary: All reports consistently state no evidence of acute cardiopulmonary disease. | Confidence: high
44,Is there acute disease?,True,short,/home/edogan/Downloads/ertugrul/myenv/medical-rag/images/images_normalized/1919_IM-0598-1001.dcm.png,51.88,500.72,556.11,"3553,3030,3723",Answer: No evidence of acute cardiopulmonary disease is found in any of the reports. | Evidence summary: Multiple reports explicitly state the absence of acute cardiopulmonary disease. | Confidence: high
45,Describe the findings and suggest possible treatment approaches.,False,medium,,1.56,516.52,521.92,"1927,2404,1246","Answer: No acute findings noted in any of the reports. | Evidence summary: Reports indicate normal cardiac and mediastinal contours, absence of pleural effusions, and clear lungs. | Confidence: Medium"
46,Can you determine if there are acute abnormalities?,True,medium,/home/edogan/Downloads/ertugrul/myenv/medical-rag/images/images_normalized/540_IM-2146-4004.dcm.png,53.08,452.61,509.54,"2517,2473,1835",Answer: No acute abnormalities are noted in any of the reports. | Evidence summary: All reports state the absence of acute cardiopulmonary abnormalities. | Confidence: high
47,What is the diagnosis and how is it typically treated?,False,medium,,1.25,487.93,492.7,"3604,1894,2629","Answer: No focal consolidations, no active infections, and clear lungs. | Evidence summary: Multiple reports indicate clear lungs with no signs of pneumonia, tuberculosis, or active disease. | Confidence: high"
48,Is there cardiomegaly?,True,short,/home/edogan/Downloads/ertugrul/myenv/medical-rag/images/images_normalized/567_IM-2167-1001.dcm.png,43.16,619.36,666.0,"2506,3638,2774","Answer: Cardiomegaly is present in multiple reports. | Evidence summary: Multiple reports indicate the presence of cardiomegaly, described as similar to prior examinations, mild, prominent, or with interstitial edema. | Confidence: high"
49,"Based on the provided chest X-ray and retrieved radiology reports, what is the main abnormality observed and is there evidence of acute cardiopulmonary disease?",False,long,,1.1,468.63,473.27,"282,674,3714",Answer: No acute cardiopulmonary abnormality is observed in any of the reports. | Evidence summary: Reports consistently state no acute cardiopulmonary abnormality. | Confidence: high
50,"Based on the provided chest X-ray and retrieved radiology reports, what is the main abnormality observed and is there evidence of acute cardiopulmonary disease?",True,long,/home/edogan/Downloads/ertugrul/myenv/medical-rag/images/images_normalized/1954_IM-0622-1001.dcm.png,42.95,519.12,565.6,"2389,282,1964",Answer: No acute cardiopulmonary abnormality is observed in any of the reports. | Evidence summary: All reports consistently state the absence of acute cardiopulmonary abnormalities. | Confidence: high
51,Analyze the chest X-ray and the associated reports. What are the key radiographic findings and do they indicate any acute pathology?,False,long,,1.49,578.0,583.26,"1608,1927,1718","Answer: No acute air space infiltrate, pleural effusion or pneumothorax. No pulmonary nodules are identified. | Evidence summary: Multiple reports indicate no acute processes or pulmonary nodules. | Confidence: high"
52,Analyze the chest X-ray and the associated reports. What are the key radiographic findings and do they indicate any acute pathology?,True,long,/home/edogan/Downloads/ertugrul/myenv/medical-rag/images/images_normalized/1520_IM-0336-1002001.dcm.png,50.86,621.07,675.46,"884,2081,1608","Answer: No acute cardiopulmonary abnormality is noted in any of the reports. | Evidence summary: Multiple reports confirm clear lungs with no signs of pneumothorax, pleural effusion, or focal consolidation. | Confidence: high"
53,Can you determine if there is pleural effusion?,False,medium,,1.38,432.78,437.88,"1728,2235,2348",Answer: No pleural effusion is found in any of the reports. | Evidence summary: Reports consistently state the absence of pleural effusions. | Confidence: high
54,Is there cardiomegaly?,True,short,/home/edogan/Downloads/ertugrul/myenv/medical-rag/images/images_normalized/3915_IM-1990-1001.dcm.png,51.98,470.84,526.61,"2506,3638,3328","Answer: Cardiomegaly is present in all reports, though its degree varies. | Evidence summary: Multiple reports consistently indicate the presence of cardiomegaly. | Confidence: High"
55,Are there abnormal findings?,False,short,,1.02,471.57,476.09,"3134,1573,799","Answer: No abnormal findings are noted in any of the reports. | Evidence summary: All reports indicate clear lungs, normal heart structures, and no signs of disease or abnormalities. | Confidence: high"
56,Review the findings in the image and reports. Describe the main impression and whether there are acute abnormalities.,True,long,/home/edogan/Downloads/ertugrul/myenv/medical-rag/images/images_normalized/2917_IM-1319-1001.dcm.png,52.0,390.83,446.39,"291,366,282",Answer: No acute abnormalities noted in any of the reports. | Evidence summary: Multiple reports indicate no acute cardiopulmonary abnormalities. | Confidence: high
57,"Considering the findings, is there cardiomegaly?",False,short,,1.24,475.51,480.43,"3638,1965,3880","Answer: Cardiomegaly is confirmed in all reports. | Evidence summary: Multiple reports explicitly state ""Cardiomegaly"" as an impression or finding. | Confidence: high"
58,Is pneumothorax present?,True,short,/home/edogan/Downloads/ertugrul/myenv/medical-rag/images/images_normalized/2139_IM-0760-1001.dcm.png,129.75,945.49,1078.94,"1021,3945,3266","Answer: Pneumothorax is present, specifically on the right side, as indicated by the complete collapse of the right lung and the presence of a right-to-left mediastinal shift. | Evidence summary: Multiple reports mention the presence of pneumothorax, including a complete collapse of the right lung and a right-to-left mediastinal shift. | Confidence: High"
59,Are there abnormal findings?,False,short,,1.52,489.82,494.84,"3134,1573,799","Answer: No abnormal findings are noted in any of the reports. | Evidence summary: All reports indicate clear lungs, normal heart structures, and no signs of disease or abnormalities. | Confidence: high"
60,"From the radiology report, there is pleural effusion?",True,medium,/home/edogan/Downloads/ertugrul/myenv/medical-rag/images/images_normalized/3004_IM-1388-1001.dcm.png,112.56,444.05,560.44,"106,3056,2348",Answer: No pleural effusion is found in any of the reports. | Evidence summary: Multiple reports indicate the absence of pleural effusions. | Confidence: low
61,"Based on the provided chest X-ray and retrieved radiology reports, what is the main abnormality observed and is there evidence of acute cardiopulmonary disease?",False,long,,1.48,481.07,486.13,"282,674,3714",Answer: No acute cardiopulmonary abnormality is observed in any of the reports. | Evidence summary: Reports consistently state no acute cardiopulmonary abnormality. | Confidence: high
62,Are there abnormal findings?,True,short,/home/edogan/Downloads/ertugrul/myenv/medical-rag/images/images_normalized/3472_IM-1688-1001.dcm.png,43.52,615.77,662.81,"3134,1573,2437","Answer: No abnormal findings are noted in any of the reports. | Evidence summary: All reports indicate clear lungs, normal heart and pulmonary structures, and no abnormalities such as pneumothorax, effusions, or masses. | Confidence: high"
63,Are the lungs clear?,False,short,,1.59,357.24,362.58,"367,2186,3412",Answer: The lungs are described as clear in multiple reports. | Evidence summary: Multiple reports indicate clear lungs without any abnormalities. | Confidence: high
64,Are there abnormal findings?,True,short,/home/edogan/Downloads/ertugrul/myenv/medical-rag/images/images_normalized/2048_IM-0688-1001.dcm.png,63.78,603.58,671.1,"3134,1573,3252","Answer: No abnormal findings are noted in any of the reports. | Evidence summary: All reports indicate clear lungs, normal heart and mediastinal structures, and no signs of pneumothorax, effusions, or masses. | Confidence: high"
65,Is there cardiomegaly?,False,short,,1.05,465.16,469.77,"2506,3638,3328","Answer: Cardiomegaly is present in all reports, though its degree varies. | Evidence summary: Multiple reports consistently indicate the presence of cardiomegaly. | Confidence: High"
66,Review the findings in the image and reports. Describe the main impression and whether there are acute abnormalities.,True,long,/home/edogan/Downloads/ertugrul/myenv/medical-rag/images/images_normalized/1103_IM-0070-1001.dcm.png,74.34,420.89,498.92,"3751,3821,282",Answer: No acute abnormalities noted in any of the reports. | Evidence summary: All reports indicate the absence of acute cardiopulmonary abnormalities. | Confidence: high
67,Is pneumothorax present?,False,short,,1.39,665.0,670.14,"1021,3945,2318","Answer: Pneumothorax is present in Source 1 and Source 5, but not in the other sources. | Evidence summary: Multiple reports indicate the presence of pneumothorax, particularly in Source 1 and Source 5. | Confidence: Medium"
68,"Considering the findings, is there cardiomegaly?",True,short,/home/edogan/Downloads/ertugrul/myenv/medical-rag/images/images_normalized/395_IM-2019-1001.dcm.png,110.93,476.31,591.06,"3638,1965,3880","Answer: Cardiomegaly is confirmed in all reports. | Evidence summary: Multiple reports explicitly state ""Cardiomegaly"" as an impression or finding. | Confidence: high"
69,"Based on the chest X-ray, the lungs are clear?",False,medium,,1.15,380.44,385.18,"2186,26",Answer: The lungs appear clear based on both reports. | Evidence summary: Both reports state the lungs are clear without any other significant findings. | Confidence: high
70,Is pneumothorax present?,True,short,/home/edogan/Downloads/ertugrul/myenv/medical-rag/images/images_normalized/3621_IM-1792-3001.dcm.png,50.99,573.96,628.59,"2056,1021,3945",Answer: No pneumothorax is present based on the reports. | Evidence summary: Multiple reports indicate no pneumothorax or mention of pneumothorax only in very small sizes. | Confidence: low
71,Is there acute disease?,False,short,,1.2,446.53,452.59,"3553,1975,3585",Answer: No evidence of acute cardiopulmonary disease found in any report. | Evidence summary: All reports consistently state no evidence of acute cardiopulmonary disease. | Confidence: high
72,"Considering both the image-derived findings and retrieved reports, summarize the radiographic impression and indicate if any acute disease is present.",True,long,/home/edogan/Downloads/ertugrul/myenv/medical-rag/images/images_normalized/1640_IM-0420-1001.dcm.png,104.76,527.79,636.34,"1608,3606,1046","Answer: No acute disease is present. | Evidence summary: All reports indicate no acute processes, air space infiltrates, pleural effusions, pneumothoraces, or pulmonary nodules. | Confidence: high"
73,"Considering the findings, the lungs are clear?",False,short,,1.24,567.64,572.39,"2186,478,97","Answer: The lungs are clear according to [Source 1], [Source 2], [Source 3], and [Source 4]. | Evidence summary: Multiple sources confirm clear lung findings without any abnormalities. | Confidence: high"
74,Can you determine if there is pneumothorax?,True,short,/home/edogan/Downloads/ertugrul/myenv/medical-rag/images/images_normalized/1340_IM-0220-1001.dcm.png,124.39,489.2,617.42,"2056,2767,1063",Answer: No pneumothorax was found in any of the reports. | Evidence summary: Multiple reports state the absence of pleural effusion or pneumothorax. | Confidence: Medium
75,Are the lungs clear?,False,short,,1.2,371.28,375.99,"367,2186,3412",Answer: The lungs are described as clear in multiple reports. | Evidence summary: Multiple reports indicate clear lungs without any abnormalities. | Confidence: high
76,"Based on the chest X-ray, there is pleural effusion?",True,medium,/home/edogan/Downloads/ertugrul/myenv/medical-rag/images/images_normalized/2142_IM-0764-1001.dcm.png,51.37,799.48,854.42,"3751,3056,1489","Answer: Based on the reports, there is no explicit mention of pleural effusion in any of the provided chest X-rays. | Evidence summary: Multiple reports indicate the presence of pleural effusions, but their exact nature (e.g., size, location) varies. | Confidence: Low"
77,Is there cardiomegaly?,False,short,,1.29,469.16,473.96,"2506,3638,3328","Answer: Cardiomegaly is present in all reports, though its degree varies. | Evidence summary: Multiple reports consistently indicate the presence of cardiomegaly. | Confidence: High"
78,"Based on the provided chest X-ray and retrieved radiology reports, what is the main abnormality observed and is there evidence of acute cardiopulmonary disease?",True,long,/home/edogan/Downloads/ertugrul/myenv/medical-rag/images/images_normalized/2491_IM-1017-1001.dcm.png,41.63,586.52,631.72,"3553,430,282",Answer: No evidence of acute cardiopulmonary disease is observed in any of the reports. | Evidence summary: All reports consistently state the absence of acute cardiopulmonary disease. | Confidence: high
79,Can you determine if there are acute abnormalities?,False,medium,,1.3,458.82,463.9,"1835,3134,2235",Answer: No acute abnormalities are noted in any of the reports. | Evidence summary: All reports indicate normal lung volumes and absence of acute cardiopulmonary disease. | Confidence: high
80,"Based on the provided chest X-ray and retrieved radiology reports, what is the main abnormality observed and is there evidence of acute cardiopulmonary disease?",True,long,/home/edogan/Downloads/ertugrul/myenv/medical-rag/images/images_normalized/2054_IM-0692-0001-0002.dcm.png,52.3,494.53,550.39,"2007,282,674",Answer: No evidence of acute cardiopulmonary disease is observed. | Evidence summary: Multiple reports indicate no acute cardiopulmonary abnormalities. | Confidence: high
81,Review the findings in the image and reports. Describe the main impression and whether there are acute abnormalities.,False,long,,1.34,407.2,412.08,"282,1046,767",Answer: No acute cardiopulmonary abnormalities are found in any of the reports. | Evidence summary: All reports consistently state no acute abnormalities. | Confidence: high
82,Is pneumothorax present?,True,short,/home/edogan/Downloads/ertugrul/myenv/medical-rag/images/images_normalized/2096_IM-0726-1001.dcm.png,47.86,775.15,826.58,"1021,3945,2318","Answer: Pneumothorax is present in Source 1, where it is described as a recurrent right pneumothorax with complete collapse of the right lung. | Evidence summary: Multiple reports indicate the presence of pneumothorax, specifically in Source 1 and Source 3. | Confidence: High"
83,Can you determine if the lungs are clear?,False,medium,,1.35,377.01,382.01,"3134,1835,1271",Answer: The lungs are clear based on the reports. | Evidence summary: All reports indicate the lungs are clear without any abnormalities. | Confidence: high
84,Are the lungs clear?,True,short,/home/edogan/Downloads/ertugrul/myenv/medical-rag/images/images_normalized/1213_IM-0144-1001.dcm.png,44.66,369.78,417.95,"367,2186,3412",Answer: The lungs are described as clear in multiple reports. | Evidence summary: Multiple reports indicate clear lungs without any abnormalities. | Confidence: high
85,Is pneumothorax present?,False,short,,1.24,743.39,748.15,"1021,3945,2318","Answer: Pneumothorax is present in Source 1 and Source 5, but not in the other sources. | Evidence summary: Multiple reports indicate the presence of pneumothorax, particularly in Source 1 and Source 5. | Confidence: Medium"
86,What abnormality is present and what are the recommended treatments?,True,medium,/home/edogan/Downloads/ertugrul/myenv/medical-rag/images/images_normalized/1541_IM-0352-1001.dcm.png,45.04,447.07,495.68,"460,3204,1036",Answer: No acute pulmonary abnormality or disease is present. | Evidence summary: Multiple reports indicate clear lungs with no acute abnormalities. | Confidence: High
87,Analyze the chest X-ray and the associated reports. What are the key radiographic findings and do they indicate any acute pathology?,False,long,,1.59,624.43,629.7,"1608,1927,1718","Answer: No acute air space infiltrate, pleural effusion or pneumothorax. No pulmonary nodules are identified. | Evidence summary: Multiple reports indicate no acute processes or pulmonary nodules. | Confidence: high"
88,Is pleural effusion present?,True,short,/home/edogan/Downloads/ertugrul/myenv/medical-rag/images/images_normalized/3704_IM-1851-1001.dcm.png,51.53,615.97,671.02,"2941,145,2517",Answer: Pleural effusion is present based on Source 2 and Source 4. | Evidence summary: Source 2 describes a large right pleural effusion and Source 4 mentions bilateral large pleural effusion. | Confidence: medium
89,"From the radiology report, the lungs are clear?",False,medium,,1.39,313.63,318.77,"2528,26",Answer: Lungs are clear according to both reports. | Evidence summary: Both reports state the lungs are clear. | Confidence: high
90,"From the radiology report, there is pleural effusion?",True,medium,/home/edogan/Downloads/ertugrul/myenv/medical-rag/images/images_normalized/407_IM-2054-1001.dcm.png,152.75,593.9,750.46,"3056,2348,1008","Answer: Pleural effusion is present based on Source 1 and Source 1. | Evidence summary: Multiple reports mention pleural effusions, with one specifically noting a moderate layering right pleural effusion. | Confidence: High"
91,Is there cardiomegaly?,False,short,,1.35,463.12,468.01,"2506,3638,3328","Answer: Cardiomegaly is present in all reports, though its degree varies. | Evidence summary: Multiple reports consistently indicate the presence of cardiomegaly. | Confidence: High"
92,"Based on the chest X-ray, the lungs are clear?",True,medium,/home/edogan/Downloads/ertugrul/myenv/medical-rag/images/images_normalized/3500_IM-1706-1001.dcm.png,59.19,412.9,475.77,"2186,1366,26","Answer: Based on the reports, the lungs appear clear in all sources. | Evidence summary: Multiple reports indicate the lungs are clear without any abnormalities. | Confidence: high"
93,Is pneumothorax present?,False,short,,1.55,708.73,714.12,"1021,3945,2318","Answer: Pneumothorax is present in Source 1 and Source 5, but not in the other sources. | Evidence summary: Multiple reports indicate the presence of pneumothorax, particularly in Source 1 and Source 5. | Confidence: Medium"
94,"Based on the chest X-ray, there is pneumothorax?",True,medium,/home/edogan/Downloads/ertugrul/myenv/medical-rag/images/images_normalized/2903_IM-1307-4004.dcm.png,67.76,708.94,780.23,"2282,3332,64","Answer: No pneumothorax is found based on the reports. | Evidence summary: Multiple reports indicate no evidence of pneumothorax, including specific mentions of ""no focal airspace disease"" and ""no large pleural effusion or pneumothorax."" | Confidence: low"
95,What is the diagnosis and how is it typically treated?,False,medium,,1.79,500.45,505.84,"3604,1894,2629","Answer: No focal consolidations, no active infections, and clear lungs. | Evidence summary: Multiple reports indicate clear lungs with no signs of pneumonia, tuberculosis, or active disease. | Confidence: high"
96,"Based on the chest X-ray, there are acute abnormalities?",True,medium,/home/edogan/Downloads/ertugrul/myenv/medical-rag/images/images_normalized/1404_IM-0258-1001.dcm.png,151.05,450.4,608.73,"3722,2855,241",Answer: No acute abnormalities are noted in any of the reports. | Evidence summary: All reports indicate clear lungs with no acute cardiopulmonary abnormalities. | Confidence: low
97,"From the radiology report, there are acute abnormalities?",False,medium,,1.24,376.28,381.1,"26,2091,1718",Answer: No acute abnormalities are noted in any of the reports. | Evidence summary: All reports indicate no acute processes or abnormalities. | Confidence: low
98,Analyze the chest X-ray and the associated reports. What are the key radiographic findings and do they indicate any acute pathology?,True,long,/home/edogan/Downloads/ertugrul/myenv/medical-rag/images/images_normalized/2539_IM-1050-1001.dcm.png,52.93,571.12,627.88,"3521,515,1608",Answer: No evidence of acute cardiopulmonary process found in any of the reports. | Evidence summary: Reports consistently state no acute cardiopulmonary abnormalities or processes. | Confidence: high
99,What is the diagnosis and how is it typically treated?,False,medium,,1.6,560.4,565.69,"3604,1894,2629","Answer: No focal consolidations, no active infections, and clear lungs. | Evidence summary: Multiple reports indicate clear lungs with no signs of pneumonia, tuberculosis, or active disease. | Confidence: high"
100,"Considering the findings, there is pleural effusion?",True,short,/home/edogan/Downloads/ertugrul/myenv/medical-rag/images/images_normalized/1559_IM-0365-2001.dcm.png,53.96,544.41,602.22,"2348,3056,2135","Answer: There is a moderate sized right pleural effusion as per Source 1. | Evidence summary: Multiple reports mention pleural effusions, with moderate size noted in some cases. | Confidence: Medium"
